,영화명,감독,배우
1,서울의 봄,김성수,황정민
2,서울의 봄,김성수,정우성
3,서울의 봄,김성수,이성민
4,파묘,장재현,최민식
5,파묘,장재현,김고은
6,파묘,장재현,유해진
7,범죄도시4,허명행,마동석
8,범죄도시4,허명행,김무열
9,범죄도시4,허명행,박지환
10,노량: 죽음의 바다,김한민,김윤석
11,노량: 죽음의 바다,김한민,백윤식
12,노량: 죽음의 바다,김한민,정재영
13,시민덕희,박영주,라미란
14,시민덕희,박영주,공명
15,시민덕희,박영주,염혜란
16,외계+인 2부,최동훈,류준열
17,외계+인 2부,최동훈,김태리
18,외계+인 2부,최동훈,김우빈
19,건국전쟁,김덕영,데이빗 필즈
20,건국전쟁,김덕영,이호
21,댓글부대,안국진,손석구
22,댓글부대,안국진,김성철
23,댓글부대,안국진,김동휘
24,3일의 휴가,육상효,김해숙
25,3일의 휴가,육상효,신민아
26,3일의 휴가,육상효,강기영
27,소년들,정지영,설경구
28,소년들,정지영,유준상
29,소년들,정지영,진경
30,싱글 인 서울,박범수,이동욱
31,싱글 인 서울,박범수,임수정
32,싱글 인 서울,박범수,이솜
33,도그데이즈,김덕민,윤여정
34,도그데이즈,김덕민,유해진
35,도그데이즈,김덕민,김윤진
36,소풍,김용균,나문희
37,소풍,김용균,김영옥
38,소풍,김용균,박근형
39,30일,남대중,강하늘
40,30일,남대중,정소민
41,데드맨,하준원,조진웅
42,데드맨,하준원,김희애
43,데드맨,하준원,이수경
44,브레드이발소: 셀럽 인 베이커리타운,정지환,엄상현
45,브레드이발소: 셀럽 인 베이커리타운,정지환,박윤희
46,브레드이발소: 셀럽 인 베이커리타운,정지환,강시현
47,길위에 김대중,민환기,김대중
48,뉴 노멀,정범식,최지우
49,뉴 노멀,정범식,이유미
50,뉴 노멀,정범식,최민호
51,용감한 시민,박진표,신혜선
52,용감한 시민,박진표,이준영
53,용감한 시민,박진표,박정우
54,더 와일드: 야수들의 전쟁,김봉한,박성웅
55,더 와일드: 야수들의 전쟁,김봉한,오대환
56,더 와일드: 야수들의 전쟁,김봉한,오달수
57,1980,강승용,강신일
58,1980,강승용,김규리
59,1980,강승용,백성현
60,씬,한동석,김윤혜
61,씬,한동석,송이재
62,씬,한동석,박지훈
63,1947 보스톤,강제규,하정우
64,1947 보스톤,강제규,임시완
65,1947 보스톤,강제규,배성우
66,극장판 우당탕탕 은하안전단: 진정한 용기!,정지훈,김은아
67,극장판 우당탕탕 은하안전단: 진정한 용기!,정지훈,엄상현
68,극장판 우당탕탕 은하안전단: 진정한 용기!,정지훈,신용우
69,슈가│어거스트 디 투어 ‘디-데이’ 더 무비,박준수,슈가
70,어른 김장하,김현지,김장하
71,어른 김장하,김현지,김주완
72,너와 나,조현철,박혜수
73,너와 나,조현철,김시은
74,사채소년,황동석,유선호
75,사채소년,황동석,강미나
76,사채소년,황동석,유인수
77,마이 샤이니 월드,이후빈,온유
78,마이 샤이니 월드,이후빈,종현
79,마이 샤이니 월드,이후빈,키
80,엔시티 네이션 : 투 더 월드 인 시네마,오윤동,쟈니
81,엔시티 네이션 : 투 더 월드 인 시네마,오윤동,태용
82,엔시티 네이션 : 투 더 월드 인 시네마,오윤동,유타
83,DMZ 동물 특공대,홍인표,김새해
84,DMZ 동물 특공대,홍인표,조경이
85,DMZ 동물 특공대,홍인표,황창영
86,목스박,고훈,오대환
87,목스박,고훈,지승현
88,목스박,고훈,이용규
89,바람 따라 만나리 : 김호중의 계절,오윤동,김호중
90,세계를 뒤흔든 43일,이규철,김명곤
91,괴인,이정홍,박기홍
92,괴인,이정홍,최경준
93,괴인,이정홍,안주민
94,세기말의 사랑,임선애,이유영
95,세기말의 사랑,임선애,임선우
96,세기말의 사랑,임선애,노재원
97,막걸리가 알려줄거야,김다민,박나은
98,막걸리가 알려줄거야,김다민,박효주
99,막걸리가 알려줄거야,김다민,김희원
100,만분의 일초,김성환,주종혁
101,만분의 일초,김성환,문진승
102,만분의 일초,김성환,이주연
103,어게인 1997,신승훈,조병규
104,어게인 1997,신승훈,한은수
105,어게인 1997,신승훈,구준회
106,나의 피투성이 연인,유지영,한해인
107,나의 피투성이 연인,유지영,이한주
108,나의 피투성이 연인,유지영,오만석
109,수라,황윤,오동필
110,수라,황윤,오승준
111,빅슬립,김태훈,김영성
112,빅슬립,김태훈,최준우
113,빅슬립,김태훈,이랑서
114,화란,김창훈,홍사빈
115,화란,김창훈,송중기
116,화란,김창훈,김형서
117,아네모네,정하용,정이랑
118,아네모네,정하용,박성진
119,아네모네,정하용,이유준
120,땅에 쓰는 시,정다운,정영선
121,화녀,유영선,박지연
122,화녀,유영선,송지은
123,약속,민병훈,민시우
124,약속,민병훈,안은미
125,에픽하이 20 더 무비,조윤수,타블로
126,에픽하이 20 더 무비,조윤수,투컷
127,에픽하이 20 더 무비,조윤수,미쓰라
128,교토에서 온 편지,김민주,한선화
129,교토에서 온 편지,김민주,차미경
130,교토에서 온 편지,김민주,한채아
131,돌핀,배두리,유리
132,돌핀,배두리,길해연
133,돌핀,배두리,현우석
134,오픈 더 도어,장항준,이순원
135,오픈 더 도어,장항준,서영주
136,오픈 더 도어,장항준,김수진
137,홈그라운드,권아람,윤김명우
138,홈그라운드,권아람,최옥진
139,홈그라운드,권아람,윤수
140,여행자의 필요,홍상수,이자벨 위페르
141,여행자의 필요,홍상수,이혜영
142,여행자의 필요,홍상수,권해효
143,당신이 잠든 사이,장윤현,추자현
144,당신이 잠든 사이,장윤현,이무생
145,백남준: 달은 가장 오래된 TV,어맨다 킴,백남준
146,백남준: 달은 가장 오래된 TV,어맨다 킴,스티븐 연
147,뒤주,김지운,김인서
148,뒤주,김지운,박예리
149,뒤주,김지운,신기환
150,신세계로부터,최정민,정하담
151,신세계로부터,최정민,명채미
152,신세계로부터,최정민,진용욱
153,언더 유어 베드,사부,이지훈
154,언더 유어 베드,사부,이윤우
155,언더 유어 베드,사부,신수항
156,두 사람을 위한 식탁,김보람,박채영
157,두 사람을 위한 식탁,김보람,박상옥
158,느티나무 아래,오정훈,안상희
159,느티나무 아래,오정훈,김태일
160,느티나무 아래,오정훈,박시연
161,이어지는 땅,조희영,공민정
162,이어지는 땅,조희영,정회린
163,이어지는 땅,조희영,류세일
164,검은 소년,서정원,안지호
165,검은 소년,서정원,안내상
166,검은 소년,서정원,윤유선
167,매트,최지온,하지인
168,매트,최지온,김장수
169,은하수,최정한,윤제문
170,은하수,최정한,김지훈
171,은하수,최정한,이시아
172,정순,정지혜,김금순
173,정순,정지혜,윤금선아
174,정순,정지혜,조현우
175,천박사 퇴마 연구소: 설경의 비밀,김성식,강동원
176,천박사 퇴마 연구소: 설경의 비밀,김성식,허준호
177,천박사 퇴마 연구소: 설경의 비밀,김성식,이솜
178,5시부터 7시까지의 주희,장건재,김주령
179,5시부터 7시까지의 주희,장건재,문호진
180,5시부터 7시까지의 주희,장건재,안민영
181,장인과 사위,최이현,동방우
182,장인과 사위,최이현,지대한
183,장인과 사위,최이현,이혁
184,돌들이 말할 때까지,김경만,양농옥
185,돌들이 말할 때까지,김경만,박순석
186,돌들이 말할 때까지,김경만,박춘옥
187,달짝지근해: 7510,이한,유해진
188,달짝지근해: 7510,이한,김희선
189,달짝지근해: 7510,이한,차인표
190,독친,김수인,장서희
191,독친,김수인,강안나
192,독친,김수인,최소윤
193,아버지의 마음,김상철,에버렛 스완슨
194,아버지의 마음,김상철,황태환
195,아버지의 마음,김상철,신애라
196,수운잡방,최연수,김강민
197,수운잡방,최연수,윤산하
198,수운잡방,최연수,백성현
199,그림자 고백,이대경,렌
200,그림자 고백,이대경,박상남
201,그림자 고백,이대경,홍승희
202,백지영 콘서트 인 시네마,조윤수,백지영
203,울산의 별,정기혁,김금순
204,울산의 별,정기혁,최우빈
205,울산의 별,정기혁,장민영
206,탄생,박흥식,윤시윤
207,탄생,박흥식,안성기
208,탄생,박흥식,윤경호
209,버텨내고 존재하기,권철,고상지
210,버텨내고 존재하기,권철,이자원
211,버텨내고 존재하기,권철,곽푸른하늘
212,모르는 이야기,양근영,정하담
213,모르는 이야기,양근영,김대건
214,모르는 이야기,양근영,이주원
215,세월: 라이프 고즈 온,장민경,유경근
216,세월: 라이프 고즈 온,장민경,황명애
217,세월: 라이프 고즈 온,장민경,고석
218,화사한 그녀,이승준,엄정화
219,화사한 그녀,이승준,송새벽
220,화사한 그녀,이승준,방민아
221,벗어날 탈 脫,서보형,임호준
222,벗어날 탈 脫,서보형,위지원
223,너를 줍다,심혜정,김재경
224,너를 줍다,심혜정,현우
225,다시 김대중-함께 합시다,김진홍,김대중
226,다시 김대중-함께 합시다,김진홍,함세웅
227,다시 김대중-함께 합시다,김진홍,장영달
228,무경계,진재운,남난희
229,무경계,진재운,김복순
230,무경계,진재운,김명곤
231,물비늘,임승현,김자영
232,물비늘,임승현,홍예서
233,물비늘,임승현,정애화
234,우리의 하루,홍상수,기주봉
235,우리의 하루,홍상수,김민희
236,우리의 하루,홍상수,송선미
237,르네에게,강승원,주인영
238,르네에게,강승원,오정훈
239,K스쿨,박미경,다원
240,K스쿨,박미경,예나
241,K스쿨,박미경,백결
242,어느 날 그녀가 우주에서,구상범,백서빈
243,어느 날 그녀가 우주에서,구상범,신연서
244,어느 날 그녀가 우주에서,구상범,서지영
245,밀수,류승완,김혜수
246,밀수,류승완,염정아
247,밀수,류승완,조인성
248,미끼,윤권수,백진희
249,미끼,윤권수,송재림
250,미끼,윤권수,배유람
251,간신의 피,권하,송길호
252,간신의 피,권하,기주봉
253,간신의 피,권하,현리원
254,믿을 수 있는 사람,곽은미,이설
255,믿을 수 있는 사람,곽은미,오경화
256,믿을 수 있는 사람,곽은미,박세현
257,핑크퐁 시네마 콘서트3 : 진저브레드맨을 잡아라,변희선,조경이
258,핑크퐁 시네마 콘서트3 : 진저브레드맨을 잡아라,변희선,이소은
259,핑크퐁 시네마 콘서트3 : 진저브레드맨을 잡아라,변희선,박요한
260,그날의 딸들,고훈,양경인
261,그날의 딸들,고훈,파치스
262,물꽃의 전설,고희영,현순직
263,물꽃의 전설,고희영,채지애
264,8인의 용의자들,오인천,이설구
265,8인의 용의자들,오인천,류필립
266,8인의 용의자들,오인천,임채영
267,검치호,이강욱,왕호
268,검치호,이강욱,박지희
269,검치호,이강욱,원진
270,서바이벌 택틱스,박근영,김성령
271,서바이벌 택틱스,박근영,최원용
272,물귀신,임지훈,박선혜
273,물귀신,임지훈,박란
274,물귀신,임지훈,윤이레
275,절해고도,김미영,박종환
276,절해고도,김미영,이연
277,절해고도,김미영,강경헌
278,비밀의 언덕,이지은,문승아
279,비밀의 언덕,이지은,임선우
280,비밀의 언덕,이지은,장선
281,잠,유재선,정유미
282,잠,유재선,이선균
283,잠,유재선,김금순
284,거미집,김지운,송강호
285,거미집,김지운,임수정
286,거미집,김지운,오정세
287,타겟,박희곤,신혜선
288,타겟,박희곤,김성균
289,타겟,박희곤,임철수
290,우리 돈 벌레,윤재연,양동근
291,우리 돈 벌레,윤재연,던밀스
292,우리 돈 벌레,윤재연,차루하
293,드라이브,정연,김시은
294,드라이브,정연,조의진
295,드라이브,정연,문욱일
296,지옥만세,임오정,오우리
297,지옥만세,임오정,방효린
298,지옥만세,임오정,정이주
299,런닝맨: 리벤져스,엄영식,김서영
300,런닝맨: 리벤져스,엄영식,엄상현
301,런닝맨: 리벤져스,엄영식,권창욱
302,극장판 슈퍼윙스: 맥시멈 스피드,정길훈,문남숙
303,극장판 슈퍼윙스: 맥시멈 스피드,정길훈,최보배
304,극장판 슈퍼윙스: 맥시멈 스피드,정길훈,전태열
305,콘크리트 유토피아,엄태화,이병헌
306,콘크리트 유토피아,엄태화,박서준
307,콘크리트 유토피아,엄태화,박보영
308,마인드 유니버스,김진무,이기혁
309,마인드 유니버스,김진무,윤소희
310,마인드 유니버스,김진무,김예랑
311,"안녕, 내일 또 만나",백승빈,심희섭
312,"안녕, 내일 또 만나",백승빈,홍사빈
313,"안녕, 내일 또 만나",백승빈,신주협
314,잔고: 분노의 적자,백승기,정광우
315,잔고: 분노의 적자,백승기,서현민
316,잔고: 분노의 적자,백승기,손이용
317,폭로,홍용호,유다인
318,폭로,홍용호,강민혁
319,폭로,홍용호,공상아
320,범죄도시3,이상용,마동석
321,범죄도시3,이상용,이준혁
322,범죄도시3,이상용,아오키 무네타카
323,비공식작전,김성훈,하정우
324,비공식작전,김성훈,주지훈
325,귀공자,박훈정,김선호
326,귀공자,박훈정,강태주
327,귀공자,박훈정,김강우
328,드림,이병헌,박서준
329,드림,이병헌,아이유
330,드림,이병헌,김종수
331,더 문,김용화,설경구
332,더 문,김용화,도경수
333,더 문,김용화,김희애
334,보호자,정우성,김남길
335,보호자,정우성,박성웅
336,문재인입니다,이창재,문재인
337,옥수역귀신,정용기,김보라
338,옥수역귀신,정용기,김재현
339,옥수역귀신,정용기,신소율
340,악마들,김재훈,장동윤
341,악마들,김재훈,오대환
342,악마들,김재훈,최귀화
343,리바운드,장항준,안재홍
344,리바운드,장항준,이신영
345,리바운드,장항준,정진운
346,롱디,임재완,장동윤
347,롱디,임재완,박유나
348,롱디,임재완,고건한
349,빈틈없는 사이,이우철,이지훈
350,빈틈없는 사이,이우철,한승연
351,빈틈없는 사이,이우철,고규필
352,킬링 로맨스,이원석,이하늬
353,킬링 로맨스,이원석,이선균
354,킬링 로맨스,이원석,공명
355,치악산,김선웅,윤균상
356,치악산,김선웅,김예원
357,치악산,김선웅,연제욱
358,나는 여기에 있다,신근호,조한선
359,나는 여기에 있다,신근호,정진운
360,나는 여기에 있다,신근호,정태우
361,라방,최주연,박성웅
362,라방,최주연,박선호
363,라방,최주연,김희정
364,좋.댓.구,박상민,오태경
365,드림팰리스,가성문,김선영
366,드림팰리스,가성문,이윤지
367,드림팰리스,가성문,최민영
368,비닐하우스,이솔희,김서형
369,비닐하우스,이솔희,양재성
370,비닐하우스,이솔희,안소요
371,그 여름,한지원,윤아영
372,그 여름,한지원,송하림
373,스프린터,최승연,박성일
374,스프린터,최승연,공민정
375,스프린터,최승연,임지호
376,차박- 살인과 낭만의 밤,형인혁,데니안
377,차박- 살인과 낭만의 밤,형인혁,김민채
378,차박- 살인과 낭만의 밤,형인혁,홍경인
379,어디로 가고 싶으신가요,김희정,박하선
380,어디로 가고 싶으신가요,김희정,김남희
381,어디로 가고 싶으신가요,김희정,전석호
382,다음 소희,정주리,배두나
383,다음 소희,정주리,김시은
384,다음 소희,정주리,강현오
385,영웅,윤제균,정성화
386,영웅,윤제균,김고은
387,영웅,윤제균,나문희
388,슈가: 로드 투 디데이,박준수,슈가
389,익스트림 페스티벌,김홍기,김재화
390,익스트림 페스티벌,김홍기,조민재
391,익스트림 페스티벌,김홍기,박강섭
392,퀴어 마이 프렌즈,서아현,송강원
393,거신: 바람의 아이,신창섭,심규혁
394,거신: 바람의 아이,신창섭,민아
395,거신: 바람의 아이,신창섭,권성혁
396,울지마 엄마,이호경,김정화
397,울지마 엄마,이호경,김현정
398,다섯 번째 흉추,박세영,문혜인
399,다섯 번째 흉추,박세영,함석영
400,다섯 번째 흉추,박세영,온정연
401,206: 사라지지 않는,허철녕,김장호
402,206: 사라지지 않는,허철녕,김광욱
403,206: 사라지지 않는,허철녕,박선주
404,작은정원,이마리오,문춘희
405,작은정원,이마리오,김희자
406,작은정원,이마리오,박정례
407,인드림,신재호,서효림
408,인드림,신재호,오지호
409,인드림,신재호,김승수
410,만해 한용운 님의침묵,한명구,오안진
411,만해 한용운 님의침묵,한명구,정혜선
412,만해 한용운 님의침묵,한명구,김희라
413,아임 히어로 더 파이널,오윤동,임영웅
414,실버맨,최윤호,김정팔
415,실버맨,최윤호,박상욱
416,실버맨,최윤호,김나은
417,웅남이,박성광,박성웅
418,웅남이,박성광,이이경
419,웅남이,박성광,염혜란
420,너의 순간,이상준,옥자연
421,너의 순간,이상준,우지현
422,너의 순간,이상준,이상일
423,바람개비,이상훈,차선우
424,바람개비,이상훈,유지애
425,바람개비,이상훈,김소희
426,안나푸르나,황승재,김강현
427,안나푸르나,황승재,차선우
428,안나푸르나,황승재,한수연
429,아머드 사우루스: 기계공룡제국의 침략,강대일,김서진
430,아머드 사우루스: 기계공룡제국의 침략,강대일,지수
431,아머드 사우루스: 기계공룡제국의 침략,강대일,이세온
432,물안에서,홍상수,신석호
433,물안에서,홍상수,하성국
434,물안에서,홍상수,김승윤
435,너의 시선이 머무는 곳에,황다슬,한기찬
436,너의 시선이 머무는 곳에,황다슬,장의수
437,너의 시선이 머무는 곳에,황다슬,최연청
438,사랑의 고고학,이완민,옥자연
439,사랑의 고고학,이완민,기윤
440,연악: 나의 운명,박한열,정욱
441,연악: 나의 운명,박한열,송민경
442,연악: 나의 운명,박한열,손건우
443,제비,이송희일,윤박
444,제비,이송희일,장희령
445,제비,이송희일,유인수
446,경미의 세계,구지현,이영란
447,경미의 세계,구지현,김미수
448,경미의 세계,구지현,유재희
449,신입사원: 더 무비,김조광수,권혁
450,신입사원: 더 무비,김조광수,문지용
451,신입사원: 더 무비,김조광수,남규희
452,불멸의 여자,최종태,이음
453,불멸의 여자,최종태,윤가현
454,불멸의 여자,최종태,안내상
455,살롱 드 서울,이자민,강태제
456,살롱 드 서울,이자민,홍비라
457,살롱 드 서울,이자민,강성화
458,손,최윤호,이재원
459,손,최윤호,박상욱
460,손,최윤호,정서하
461,장기자랑,이소현,김명임
462,장기자랑,이소현,김도현
463,장기자랑,이소현,김순덕
464,그대 어이가리,이창열,선동혁
465,그대 어이가리,이창열,정아미
466,그대 어이가리,이창열,김유미
467,튤립 모양,양윤모,유다인
468,튤립 모양,양윤모,김다현
469,튤립 모양,양윤모,문희경
470,소울메이트,민용근,김다미
471,소울메이트,민용근,전소니
472,소울메이트,민용근,변우석
473,레이디,오성수,박서원
474,레이디,오성수,윤진솔
475,흐르다,김현정,이설
476,흐르다,김현정,박지일
477,흐르다,김현정,안민영
478,멍뭉이,김주환,유연석
479,멍뭉이,김주환,차태현
480,그 노래,오성수,오진석
481,그 노래,오성수,한기찬
482,그 노래,오성수,조정환
483,낭만적 공장,조은성,심희섭
484,낭만적 공장,조은성,전혜진
485,낭만적 공장,조은성,박수영
486,육지것들,이황,강마루
487,육지것들,이황,김소이
488,육지것들,이황,박상협
489,여섯 개의 밤,최창환,강길우
490,여섯 개의 밤,최창환,강진아
491,여섯 개의 밤,최창환,김시은
492,카운트,권혁재,진선규
493,카운트,권혁재,성유빈
494,카운트,권혁재,오나라
495,남자는 처음을 원하고 여자는 마지막을 원한다,이현준,윤성모
496,남자는 처음을 원하고 여자는 마지막을 원한다,이현준,정미미
497,남자는 처음을 원하고 여자는 마지막을 원한다,이현준,장원혁
498,오늘 출가합니다,김성환,양흥주
499,오늘 출가합니다,김성환,나현준
500,2퍼센트,문신구,허지나
501,2퍼센트,문신구,권해성
502,2퍼센트,문신구,남명렬
503,탑,홍상수,권해효
504,탑,홍상수,이혜영
505,탑,홍상수,송선미
506,보이지 않아,천세환,한승윤
507,보이지 않아,천세환,박호산
508,찬란한 나의 복수,임성운,허준석
509,찬란한 나의 복수,임성운,이영석
510,찬란한 나의 복수,임성운,남보라
511,올빼미,안태진,유해진
512,올빼미,안태진,류준열
513,올빼미,안태진,최무성
514,교섭,임순례,황정민
515,교섭,임순례,현빈
516,교섭,임순례,강기영
517,데시벨,황인호,김래원
518,데시벨,황인호,이종석
519,데시벨,황인호,정상훈
520,대외비,이원태,조진웅
521,대외비,이원태,이성민
522,대외비,이원태,김무열
523,유령,이해영,설경구
524,유령,이해영,이하늬
525,유령,이해영,박소담
526,압꾸정,임진순,마동석
527,압꾸정,임진순,정경호
528,압꾸정,임진순,오나라
529,동감,서은영,여진구
530,동감,서은영,조이현
531,동감,서은영,김혜윤
532,자백,윤종석,소지섭
533,자백,윤종석,김윤진
534,자백,윤종석,나나
535,스위치,마대윤,권상우
536,스위치,마대윤,오정세
537,스위치,마대윤,이민정
538,젠틀맨,김경원,주지훈
539,젠틀맨,김경원,박성웅
540,젠틀맨,김경원,최성은
541,마루이 비디오,윤준형,서현우
542,마루이 비디오,윤준형,조민경
543,리멤버,이일형,이성민
544,리멤버,이일형,남주혁
545,인생은 아름다워,최국희,류승룡
546,인생은 아름다워,최국희,염정아
547,인생은 아름다워,최국희,박세완
548,방탄소년단: 옛 투 컴 인 시네마,오윤동,RM
549,방탄소년단: 옛 투 컴 인 시네마,오윤동,진
550,방탄소년단: 옛 투 컴 인 시네마,오윤동,슈가
551,핑크퐁 시네마 콘서트 2: 원더스타 콘서트 대작전,김수경,조경이
552,핑크퐁 시네마 콘서트 2: 원더스타 콘서트 대작전,김수경,이소은
553,핑크퐁 시네마 콘서트 2: 원더스타 콘서트 대작전,김수경,김새해
554,공조2: 인터내셔날,이석훈,현빈
555,공조2: 인터내셔날,이석훈,유해진
556,공조2: 인터내셔날,이석훈,임윤아
557,고속도로 가족,이상문,라미란
558,고속도로 가족,이상문,정일우
559,고속도로 가족,이상문,김슬기
560,유포자들,홍석구,박성훈
561,유포자들,홍석구,김소은
562,유포자들,홍석구,송진우
563,크리스마스 캐럴,김성수,박진영
564,크리스마스 캐럴,김성수,김영민
565,크리스마스 캐럴,김성수,김동휘
566,한산 리덕스,김한민,박해일
567,한산 리덕스,김한민,변요한
568,한산 리덕스,김한민,안성기
569,어쩌면 우린 헤어졌는지 모른다,형슬우,이동휘
570,어쩌면 우린 헤어졌는지 모른다,형슬우,정은채
571,어쩌면 우린 헤어졌는지 모른다,형슬우,강길우
572,심야카페: 미씽 허니,정윤수,채서진
573,심야카페: 미씽 허니,정윤수,이이경
574,심야카페: 미씽 허니,정윤수,신주환
575,헤이지니&럭키강이 비밀의 문,안진성,강혜진
576,헤이지니&럭키강이 비밀의 문,안진성,강민석
577,우리 사랑이 향기로 남을 때,임성용,윤시윤
578,우리 사랑이 향기로 남을 때,임성용,설인아
579,우리 사랑이 향기로 남을 때,임성용,노상현
580,헤어질 결심,박찬욱,탕웨이
581,헤어질 결심,박찬욱,박해일
582,헤어질 결심,박찬욱,이정현
583,시간을 꿈꾸는 소녀,박혁지,권수진
584,시간을 꿈꾸는 소녀,박혁지,이경원
585,같은 속옷을 입는 두 여자,김세인,양말복
586,같은 속옷을 입는 두 여자,김세인,임지호
587,같은 속옷을 입는 두 여자,김세인,정보람
588,엄마의 땅: 그리샤와 숲의 주인,박재범,이윤지
589,엄마의 땅: 그리샤와 숲의 주인,박재범,김서영
590,엄마의 땅: 그리샤와 숲의 주인,박재범,이용녀
591,정직한 후보2,장유정,라미란
592,정직한 후보2,장유정,김무열
593,정직한 후보2,장유정,윤경호
594,만인의 연인,한인미,황보운
595,만인의 연인,한인미,서영희
596,만인의 연인,한인미,홍사빈
597,창밖은 겨울,이상진,곽민규
598,창밖은 겨울,이상진,한선화
599,이태석,이우석,이태석
600,이태석,이우석,임형주
601,"그 겨울, 나는",오성호,권다함
602,"그 겨울, 나는",오성호,권소현
603,수프와 이데올로기,양영희,강정희
604,수프와 이데올로기,양영희,아라이 카오루
605,살수,곽정덕,신현준
606,살수,곽정덕,이문식
607,살수,곽정덕,김민경
608,옆집사람,염지호,오동민
609,옆집사람,염지호,최희진
610,옆집사람,염지호,이정현
611,첫번째 아이,허정재,박하선
612,첫번째 아이,허정재,오동민
613,첫번째 아이,허정재,오민애
614,살인청부업자,강태호,정제우
615,살인청부업자,강태호,박지수
616,살인청부업자,강태호,고원석
617,"열여덟, 어른이 되는 나이",주영,임선우
618,"열여덟, 어른이 되는 나이",주영,김명찬
619,"열여덟, 어른이 되는 나이",주영,박현숙
620,육사오(6/45),박규태,고경표
621,육사오(6/45),박규태,이이경
622,육사오(6/45),박규태,음문석
623,트랜스,도내리,황정인
624,트랜스,도내리,윤경호
625,트랜스,도내리,김태영
626,머슴바울,권혁만,김영훈
627,머슴바울,권혁만,해리 벤자민
628,요정,신택수,류현경
629,요정,신택수,김주헌
630,요정,신택수,김신비
631,한산: 용의 출현,김한민,박해일
632,한산: 용의 출현,김한민,변요한
633,한산: 용의 출현,김한민,안성기
634,니얼굴,서동일,정은혜
635,니얼굴,서동일,장차현실
636,10일간의 애인,이영용,송민경
637,10일간의 애인,이영용,우충현
638,10일간의 애인,이영용,차솔몬
639,강남좀비,이수성,지일주
640,강남좀비,이수성,지연
641,대무가,이한종,박성웅
642,대무가,이한종,양현민
643,대무가,이한종,류경수
644,고고다이노 극장판: 얼음공룡의 비밀,이선명,이민규
645,고고다이노 극장판: 얼음공룡의 비밀,이선명,전태열
646,고고다이노 극장판: 얼음공룡의 비밀,이선명,김은아
647,리미트,이승준,이정현
648,리미트,이승준,문정희
649,리미트,이승준,진서연
650,겨울 이야기,신상옥,신구
651,겨울 이야기,신상옥,김지숙
652,컨버세이션,김덕중,조은지
653,컨버세이션,김덕중,박종환
654,컨버세이션,김덕중,곽민규
655,우수,오세현,윤제문
656,우수,오세현,김태훈
657,우수,오세현,김지성
658,라스트필름,전수일,장현성
659,라스트필름,전수일,김진혁
660,스타게이저: 아스트로스코프,도하,엠제이
661,스타게이저: 아스트로스코프,도하,진진
662,스타게이저: 아스트로스코프,도하,차은우
663,혜옥이,박정환,이태경
664,혜옥이,박정환,전국향
665,혜옥이,박정환,정상우
666,헌트,이정재,정우성
667,헌트,이정재,전혜진
668,낮에는 덥고 밤에는 춥고,박송열,원향라
669,낮에는 덥고 밤에는 춥고,박송열,신원우
670,컴백홈,이연우,송새벽
671,컴백홈,이연우,라미란
672,컴백홈,이연우,이범수
673,미혹,김진영,박효주
674,미혹,김진영,김민재
675,미혹,김진영,차선우
676,나를 죽여줘,최익환,장현성
677,나를 죽여줘,최익환,안승균
678,나를 죽여줘,최익환,이일화
679,극장판 엄마 까투리: 도시로 간 까투리 가족,정길훈,김서영
680,극장판 엄마 까투리: 도시로 간 까투리 가족,정길훈,이윤희
681,극장판 엄마 까투리: 도시로 간 까투리 가족,정길훈,김은아
682,통영에서의 하루,한경탁,유인영
683,통영에서의 하루,한경탁,이미도
684,통영에서의 하루,한경탁,박정철
685,희망의 요소,이원영,이승훈
686,희망의 요소,이원영,박서은
687,희망의 요소,이원영,임영우
688,"아치의 노래, 정태춘",고영재,정태춘
689,"아치의 노래, 정태춘",고영재,박은옥
690,"아치의 노래, 정태춘",고영재,고창영
691,낮과 달,이영아,유다인
692,낮과 달,이영아,조은지
693,낮과 달,이영아,하경
694,귀못,탁세웅,박하나
695,귀못,탁세웅,허진
696,귀못,탁세웅,정영주
697,영화감독 노동주,임찬익,노동주
698,영화감독 노동주,임찬익,임형진
699,영화감독 노동주,임찬익,김희순
700,팬픽에서 연애까지,강윤성,이지원
701,팬픽에서 연애까지,강윤성,이우진
702,팬픽에서 연애까지,강윤성,이정원
703,1번국도,강경태,백종환
704,1번국도,강경태,안현호
705,1번국도,강경태,민태율
706,픽션들,장세경,김권후
707,픽션들,장세경,이태경
708,픽션들,장세경,박종환
709,거래완료,조경호,전석호
710,거래완료,조경호,태인호
711,거래완료,조경호,조성하
712,선데이리그,이성일,이성욱
713,선데이리그,이성일,심우성
714,선데이리그,이성일,강영일
715,경아의 딸,김정은,김정영
716,경아의 딸,김정은,하윤경
717,경아의 딸,김정은,김우겸
718,별 볼일 없는 인생,서동헌,정가은
719,별 볼일 없는 인생,서동헌,신기루
720,별 볼일 없는 인생,서동헌,졸탄
721,2차 송환,김동원,김영식
722,관계의 일변,김기림,김지민
723,관계의 일변,김기림,권기범
724,관계의 일변,김기림,정수지
725,시맨틱 에러: 더 무비,김수정,박서함
726,시맨틱 에러: 더 무비,김수정,재찬
727,프린세스 아야,이성강,백아연
728,프린세스 아야,이성강,박진영
729,민족,이세원,안상경
730,민족,이세원,권기정
731,민족,이세원,정지문
732,늑대사냥,김홍선,서인국
733,늑대사냥,김홍선,장동윤
734,늑대사냥,김홍선,최귀화
735,솔라 플라워,한경탁,오성현
736,솔라 플라워,한경탁,서지희
737,솔라 플라워,한경탁,신현탁
738,홈리스,임승현,전봉석
739,홈리스,임승현,박정연
740,홈리스,임승현,신현서
741,사잇소리,김정욱,류화영
742,사잇소리,김정욱,박진우
743,사잇소리,김정욱,정동훈
744,생각 그런거 없는데요,하나,서지우
745,생각 그런거 없는데요,하나,김민기
746,소설가의 영화,홍상수,이혜영
747,소설가의 영화,홍상수,김민희
748,소설가의 영화,홍상수,서영화
749,카시오페아,신연식,안성기
750,카시오페아,신연식,서현진
751,카시오페아,신연식,주예림
752,썬더버드,이재원,서현우
753,썬더버드,이재원,이명로
754,썬더버드,이재원,이설
755,주연,송원준,민도희
756,주연,송원준,김대건
757,주연,송원준,길해연
758,신황제를 위하여,이수성,서준영
759,신황제를 위하여,이수성,송민경
760,신황제를 위하여,이수성,금광산
761,범죄도시2,이상용,마동석
762,범죄도시2,이상용,손석구
763,범죄도시2,이상용,최귀화
764,마녀(魔女) Part2. The Other One,박훈정,신시아
765,마녀(魔女) Part2. The Other One,박훈정,박은빈
766,마녀(魔女) Part2. The Other One,박훈정,서은수
767,비상선언,한재림,송강호
768,비상선언,한재림,이병헌
769,비상선언,한재림,전도연
770,외계+인 1부,최동훈,류준열
771,외계+인 1부,최동훈,김우빈
772,외계+인 1부,최동훈,김태리
773,브로커,고레에다 히로카즈,송강호
774,브로커,고레에다 히로카즈,강동원
775,브로커,고레에다 히로카즈,배두나
776,니 부모 얼굴이 보고 싶다,김지훈,설경구
777,니 부모 얼굴이 보고 싶다,김지훈,천우희
778,니 부모 얼굴이 보고 싶다,김지훈,문소리
779,서울괴담,홍원기,김도윤
780,서울괴담,홍원기,봉재현
781,서울괴담,홍원기,서지수
782,더 킬러: 죽어도 되는 아이,최재훈,장혁
783,더 킬러: 죽어도 되는 아이,최재훈,브루스 칸
784,더 킬러: 죽어도 되는 아이,최재훈,앤
785,뒤틀린 집,강동헌,서영희
786,뒤틀린 집,강동헌,김보민
787,뒤틀린 집,강동헌,김민재
788,쥬라기캅스 극장판: 공룡시대 대모험,김호락,소연
789,쥬라기캅스 극장판: 공룡시대 대모험,김호락,김영선
790,쥬라기캅스 극장판: 공룡시대 대모험,김호락,엄상현
791,안녕하세요,차봉주,김환희
792,안녕하세요,차봉주,유선
793,안녕하세요,차봉주,이순재
794,공기살인,조용선,김상경
795,공기살인,조용선,이선빈
796,공기살인,조용선,윤경호
797,어부바,최종학,정준호
798,어부바,최종학,최대철
799,어부바,최종학,이엘빈
800,앵커,정지연,천우희
801,앵커,정지연,신하균
802,앵커,정지연,이혜영
803,뜨거운 피,천명관,정우
804,뜨거운 피,천명관,김갑수
805,뜨거운 피,천명관,최무성
806,룸 쉐어링,이순성,나문희
807,룸 쉐어링,이순성,최우성
808,봄날,이돈구,손현주
809,봄날,이돈구,박혁권
810,봄날,이돈구,정석용
811,피는 물보다 진하다,김희성,조동혁
812,피는 물보다 진하다,김희성,이완
813,피는 물보다 진하다,김희성,임정은
814,오마주,신수원,이정은
815,오마주,신수원,권해효
816,오마주,신수원,탕준상
817,세븐틴 파워 오브 러브 : 더 무비,오윤동,디노
818,세븐틴 파워 오브 러브 : 더 무비,오윤동,도겸
819,세븐틴 파워 오브 러브 : 더 무비,오윤동,디에잇
820,오! 마이 고스트,홍태선,정진운
821,오! 마이 고스트,홍태선,안서현
822,오! 마이 고스트,홍태선,이주연
823,모어,이일하,모지민
824,모어,이일하,예브게니 슈테판
825,모어,이일하,존 카메론 미첼
826,녹턴,정관조,은성호
827,녹턴,정관조,은건기
828,녹턴,정관조,손민서
829,엑스칼리버 더 뮤지컬 다큐멘터리: 도겸의 찬란한 여정,오윤동,도겸
830,엑스칼리버 더 뮤지컬 다큐멘터리: 도겸의 찬란한 여정,오윤동,강태을
831,둠둠,정원희,김용지
832,둠둠,정원희,윤유선
833,둠둠,정원희,박종환
834,광대: 소리꾼,조정래,이봉근
835,광대: 소리꾼,조정래,이유리
836,광대: 소리꾼,조정래,김하연
837,이공삼칠,모홍진,홍예지
838,이공삼칠,모홍진,김지영
839,이공삼칠,모홍진,김미화
840,어웨이크,이윤호,임세미
841,어웨이크,이윤호,성지루
842,어웨이크,이윤호,한지원
843,말임씨를 부탁해,박경목,김영옥
844,말임씨를 부탁해,박경목,김영민
845,말임씨를 부탁해,박경목,박성연
846,아이를 위한 아이,이승환,현우석
847,아이를 위한 아이,이승환,박상훈
848,아이를 위한 아이,이승환,정웅인
849,파로호,임상수,이중옥
850,파로호,임상수,김대건
851,파로호,임상수,김연교
852,이상한 나라의 수학자,박동훈,최민식
853,이상한 나라의 수학자,박동훈,김동휘
854,이상한 나라의 수학자,박동훈,박병은
855,윤시내가 사라졌다,김진화,이주영
856,윤시내가 사라졌다,김진화,오민애
857,윤시내가 사라졌다,김진화,노재원
858,말아,곽민승,심달기
859,말아,곽민승,정은경
860,말아,곽민승,우효원
861,초록밤,윤서진,이태훈
862,초록밤,윤서진,강길우
863,초록밤,윤서진,김국희
864,감동주의보,김우석,홍수아
865,감동주의보,김우석,최웅
866,감동주의보,김우석,기주봉
867,불도저에 탄 소녀,박이웅,김혜윤
868,불도저에 탄 소녀,박이웅,박혁권
869,불도저에 탄 소녀,박이웅,오만석
870,재춘언니,이수정,임재춘
871,재춘언니,이수정,김경봉
872,재춘언니,이수정,이인근
873,봉명주공,김기성,홍덕은
874,봉명주공,김기성,지은숙
875,봉명주공,김기성,지명환
876,히든,한종훈,정혜인
877,히든,한종훈,공형진
878,히든,한종훈,김인권
879,핸썸,김동욱,신현준
880,핸썸,김동욱,박솔미
881,태일이,홍준표,장동윤
882,태일이,홍준표,염혜란
883,태일이,홍준표,진선규
884,부기나이트,김경엽,최귀화
885,부기나이트,김경엽,이시원
886,부기나이트,김경엽,박환희
887,모퉁이,신선,이택근
888,모퉁이,신선,하성국
889,모퉁이,신선,박봉준
890,데드캠핑 더라이브,김현우,남지현
891,데드캠핑 더라이브,김현우,김정주
892,데드캠핑 더라이브,김현우,이푸름
893,그대라는기억 연숙씨,심미희,이규홍
894,그대라는기억 연숙씨,심미희,이연숙
895,그대라는기억 연숙씨,심미희,이양희
896,투란도트 어둠의 왕국,김시우,배다해
897,투란도트 어둠의 왕국,김시우,민우혁
898,투란도트 어둠의 왕국,김시우,양서윤
899,작은새와 돼지씨,김새봄,김춘나
900,작은새와 돼지씨,김새봄,김종석
901,아부쟁이,황승재,류의현
902,아부쟁이,황승재,김지민
903,아부쟁이,황승재,강유석
904,보통의 용기,구민정,공효진
905,보통의 용기,구민정,이천희
906,보통의 용기,구민정,전혜진
907,"허황옥 3일, 잃어버린 2천 년의 기억",진재운,백소희
908,"허황옥 3일, 잃어버린 2천 년의 기억",진재운,권하진
909,"허황옥 3일, 잃어버린 2천 년의 기억",진재운,도명스님
910,인플루엔자,황준하,추선우
911,인플루엔자,황준하,김다솔
912,인플루엔자,황준하,안서희
913,태어나길 잘했어,최진영,강진아
914,태어나길 잘했어,최진영,박혜진
915,태어나길 잘했어,최진영,홍상표
916,부적: 남의 운을 빼앗는 자,김세성,주영호
917,부적: 남의 운을 빼앗는 자,김세성,권해성
918,부적: 남의 운을 빼앗는 자,김세성,천민희
919,영희,차상민,기은수
920,영희,차상민,서범석
921,영희,차상민,이호철
922,평평남녀,김수정,이태경
923,평평남녀,김수정,이한주
924,평평남녀,김수정,이봄
925,"괴물, 유령, 자유인",홍지영,엄태나
926,"괴물, 유령, 자유인",홍지영,윤해신
927,"괴물, 유령, 자유인",홍지영,권기하
928,액션동자,최영민,홍정민
929,액션동자,최영민,윤성우
930,액션동자,최영민,최현진
931,인연을 긋다,이정섭,정영숙
932,인연을 긋다,이정섭,김지영
933,인연을 긋다,이정섭,조은숙
934,늑대들,전규환,오종혁
935,늑대들,전규환,박기덕
936,늑대들,전규환,정의욱
937,당신의 이웃은 친절하지 않다,안드로,변동욱
938,당신의 이웃은 친절하지 않다,안드로,조혜진
939,당신의 이웃은 친절하지 않다,안드로,전지학
940,갓길로 달리는 코뿔소,황동석,결휘
941,갓길로 달리는 코뿔소,황동석,문창길
942,보드랍게,박문칠,김순악
943,보드랍게,박문칠,안이정선
944,보드랍게,박문칠,이인순
945,명색이 아프레걸,김광보,이소연
946,명색이 아프레걸,김광보,김지숙
947,명색이 아프레걸,김광보,김미진
948,스파이형 모델,김영일,주종혁
949,스파이형 모델,김영일,장현동
950,헝거,강다연,김유나
951,헝거,강다연,하시연
952,헝거,강다연,최윤우
953,해적: 도깨비 깃발,김정훈,강하늘
954,해적: 도깨비 깃발,김정훈,한효주
955,해적: 도깨비 깃발,김정훈,이광수
956,하로동선,김시우,서진원
957,하로동선,김시우,나혜진
958,하로동선,김시우,황석정
959,고양이들의 아파트,정재은,김포도
960,고양이들의 아파트,정재은,이인규
961,고양이들의 아파트,정재은,전진경
962,스텔라,권수경,손호준
963,스텔라,권수경,이규형
964,스텔라,권수경,허성태
965,극장판 안녕 자두야: 제주도의 비밀,손석우,여민정
966,극장판 안녕 자두야: 제주도의 비밀,손석우,김영은
967,극장판 안녕 자두야: 제주도의 비밀,손석우,정혜옥
968,당신얼굴 앞에서,홍상수,이혜영
969,당신얼굴 앞에서,홍상수,조윤희
970,당신얼굴 앞에서,홍상수,권해효
971,엄마와 나,연왕모,레인 포스터볼드
972,엄마와 나,연왕모,김숙년
973,곡녀,정인철,정상희
974,일진 2,이수성,이승용
975,일진 2,이수성,지웅배
976,일진 2,이수성,여주영
977,일진 3,이수성,이승용
978,일진 3,이수성,변준우
979,일진 3,이수성,지웅배
980,대가리,이수성,서세명
981,대가리,이수성,이준상
982,대가리,이수성,남승민
983,대가리2-학교무림,이수성,서세명
984,대가리2-학교무림,이수성,남승민
985,대가리3-일진후배들,이수성,서세명
986,대가리3-일진후배들,이수성,남승민
987,3.5교시,유희정,조아
988,3.5교시,유희정,임지섭
989,3.5교시,유희정,우진
990,유체이탈자,윤재근,윤계상
991,유체이탈자,윤재근,박용우
992,유체이탈자,윤재근,임지연
993,킹메이커,변성현,설경구
994,킹메이커,변성현,이선균
995,킹메이커,변성현,유재명
996,경관의 피,이규만,조진웅
997,경관의 피,이규만,최우식
998,경관의 피,이규만,박희순
999,연애 빠진 로맨스,정가영,전종서
1000,연애 빠진 로맨스,정가영,손석구
1001,연애 빠진 로맨스,정가영,공민정
1002,장르만 로맨스,조은지,류승룡
1003,장르만 로맨스,조은지,오나라
1004,장르만 로맨스,조은지,김희원
1005,특송,박대민,박소담
1006,특송,박대민,송새벽
1007,특송,박대민,김의성
1008,강릉,윤영빈,유오성
1009,강릉,윤영빈,장혁
1010,강릉,윤영빈,박성근
1011,해피 뉴 이어,곽재용,한지민
1012,해피 뉴 이어,곽재용,이동욱
1013,해피 뉴 이어,곽재용,강하늘
1014,인민을 위해 복무하라,장철수,연우진
1015,인민을 위해 복무하라,장철수,지안
1016,인민을 위해 복무하라,장철수,조성하
1017,몬스타엑스 : 더 드리밍,오윤동,성신효
1018,몬스타엑스 : 더 드리밍,오윤동,셔누
1019,몬스타엑스 : 더 드리밍,오윤동,이민혁
1020,몬스타엑스 : 더 드리밍,오윤동,기현
1021,기적,이장훈,박정민
1022,기적,이장훈,이성민
1023,기적,이장훈,임윤아
1024,너에게 가는 길,변규리,정은애
1025,너에게 가는 길,변규리,강선화
1026,너에게 가는 길,변규리,이한결
1027,동백,신준영,박근형
1028,동백,신준영,정선일
1029,동백,신준영,서준영
1030,팬텀: 더 뮤지컬 라이브,박재석,규현
1031,팬텀: 더 뮤지컬 라이브,박재석,임선혜
1032,팬텀: 더 뮤지컬 라이브,박재석,윤영석
1033,1984 최동원,조은성,최동원
1034,1984 최동원,조은성,조진웅
1035,행복의 속도,박혁지,이가라시 히로아키
1036,행복의 속도,박혁지,이시타카 노리히토
1037,행복의 속도,박혁지,이가라시 노조미
1038,전투왕,이상호,이한열
1039,전투왕,이상호,배은심
1040,한창나이 선녀님,원호연,임선녀
1041,송해 1927,윤재호,송해
1042,무녀도,안재훈,소냐
1043,무녀도,안재훈,김다현
1044,무녀도,안재훈,장원영
1045,노회찬6411,민환기,노회찬
1046,매미소리,이충렬,이양희
1047,매미소리,이충렬,주보비
1048,매미소리,이충렬,서연우
1049,간호중,민규동,이유영
1050,간호중,민규동,예수정
1051,간호중,민규동,염혜란
1052,학교 가는 길,김정인,이은자
1053,학교 가는 길,김정인,정난모
1054,학교 가는 길,김정인,조부용
1055,B컷,김진영,김동완
1056,B컷,김진영,전세현
1057,B컷,김진영,김병옥
1058,여타짜,이지승,이채영
1059,여타짜,이지승,정혜인
1060,여타짜,이지승,최민철
1061,싸나희 순정,정병각,전석호
1062,싸나희 순정,정병각,박명훈
1063,싸나희 순정,정병각,김재화
1064,블루버스데이,박단희,예리
1065,블루버스데이,박단희,양홍석
1066,인질,필감성,황정민
1067,인질,필감성,김재범
1068,인질,필감성,이유미
1069,나는 조선사람입니다,김철민,강종헌
1070,나는 조선사람입니다,김철민,김창오
1071,나는 조선사람입니다,김철민,박금숙
1072,싱크홀,김지훈,차승원
1073,싱크홀,김지훈,김성균
1074,싱크홀,김지훈,이광수
1075,소피의 세계,이제한,김새벽
1076,소피의 세계,이제한,곽민규
1077,소피의 세계,이제한,아나 루지에로
1078,소설가 구보의 하루,임현묵,박종환
1079,소설가 구보의 하루,임현묵,김새벽
1080,아워 미드나잇,임정은,이승훈
1081,아워 미드나잇,임정은,박서은
1082,아워 미드나잇,임정은,임영우
1083,왕십리 김종분,김진열,김종분
1084,왕십리 김종분,김진열,김귀임
1085,왕십리 김종분,김진열,김종수
1086,십개월의 미래,남궁선,최성은
1087,십개월의 미래,남궁선,백현진
1088,십개월의 미래,남궁선,서영주
1089,리프레쉬,김길영,KCM
1090,리프레쉬,김길영,홍경인
1091,리프레쉬,김길영,김찬미
1092,존경하고 사랑하는 국민여러분,김진홍,김대중
1093,존경하고 사랑하는 국민여러분,김진홍,민승연
1094,존경하고 사랑하는 국민여러분,김진홍,이재정
1095,악인은 너무 많다 2 - 제주 실종사건의 전말,김회근,김준배
1096,악인은 너무 많다 2 - 제주 실종사건의 전말,김회근,공유석
1097,악인은 너무 많다 2 - 제주 실종사건의 전말,김회근,고윤빈
1098,모가디슈,류승완,김윤석
1099,모가디슈,류승완,조인성
1100,모가디슈,류승완,허준호
1101,휴가,이란희,이봉하
1102,휴가,이란희,김아석
1103,휴가,이란희,신운섭
1104,로또쉐어,소재익,최시형
1105,로또쉐어,소재익,김서지
1106,로또쉐어,소재익,김가희
1107,로그북,복진오,강유성
1108,로그북,복진오,황병주
1109,로그북,복진오,한재명
1110,효자,이훈국,김뢰하
1111,효자,이훈국,연운경
1112,효자,이훈국,이철민
1113,축복의 집,박희권,안소요
1114,축복의 집,박희권,이강지
1115,가치 캅시다,조승원,김기현
1116,가치 캅시다,조승원,강형석
1117,가치 캅시다,조승원,남지우
1118,울림의 탄생,이정준,임선빈
1119,울림의 탄생,이정준,임동국
1120,늦봄2020,박규현,문익환
1121,타이거마스크,염정원,조한선
1122,타이거마스크,염정원,황보운
1123,타이거마스크,염정원,강별
1124,온 세상이 하얗다,김지석,강길우
1125,온 세상이 하얗다,김지석,박가영
1126,바람아 안개를 걷어가다오,신동민,김혜정
1127,바람아 안개를 걷어가다오,신동민,신정웅
1128,바람아 안개를 걷어가다오,신동민,노윤정
1129,수색자,김민섭,송창의
1130,수색자,김민섭,송영규
1131,수색자,김민섭,장해송
1132,사상,박배일,박성희
1133,사상,박배일,최수영
1134,핫 블러드,신재명,이정현
1135,핫 블러드,신재명,최제헌
1136,핫 블러드,신재명,정성호
1137,귀토-토끼의 팔란,고선웅,김준수
1138,귀토-토끼의 팔란,고선웅,유태평양
1139,귀토-토끼의 팔란,고선웅,민은경
1140,총을 들지 않는 사람들: 금기에 도전,김환태,이용석
1141,총을 들지 않는 사람들: 금기에 도전,김환태,최정민
1142,총을 들지 않는 사람들: 금기에 도전,김환태,임재성
1143,걸 위드 더 카메라,안희수,김드보라
1144,걸 위드 더 카메라,안희수,김우현
1145,걸 위드 더 카메라,안희수,신수빈
1146,대한민국 대통령,배상국,이재명
1147,대한민국 대통령,배상국,윤석열
1148,대한민국 대통령,배상국,심상정
1149,죽이러 간다,박남원,오정연
1150,죽이러 간다,박남원,최윤슬
1151,죽이러 간다,박남원,최문경
1152,긴 하루,조성규,김동완
1153,긴 하루,조성규,성제
1154,긴 하루,조성규,서준영
1155,미인,홍태선,이근이
1156,미인,홍태선,남호현
1157,미인,홍태선,박광호
1158,창극 변강쇠 점 찍고 옹녀,고선웅,이소연
1159,창극 변강쇠 점 찍고 옹녀,고선웅,최호성
1160,타다: 대한민국 스타트업의 초상,권명국,박재욱
1161,타다: 대한민국 스타트업의 초상,권명국,이두희
1162,타다: 대한민국 스타트업의 초상,권명국,장병규
1163,이상존재,차진우,유세윤
1164,이상존재,차진우,임우일
1165,최선의 삶,이우정,민아
1166,최선의 삶,이우정,심달기
1167,최선의 삶,이우정,한성민
1168,트로트는 인생이다,투케이,김경진
1169,트로트는 인생이다,투케이,김동찬
1170,트로트는 인생이다,투케이,장소영
1171,꽃손,권순중,손숙
1172,꽃손,권순중,김이안
1173,꽃손,권순중,전무송
1174,테이블 매너,박장운,권기하
1175,테이블 매너,박장운,김영선
1176,테이블 매너,박장운,남태부
1177,기우제,권하,전은정
1178,기우제,권하,신현규
1179,기우제,권하,송길호
1180,화이트데이: 부서진 결계,송운,강찬희
1181,화이트데이: 부서진 결계,송운,박유나
1182,화이트데이: 부서진 결계,송운,장광
1183,짬뽕비권,박동기,백수장
1184,짬뽕비권,박동기,황지연
1185,짬뽕비권,박동기,조운
1186,아이돌레시피,이호성,이지훈
1187,아이돌레시피,이호성,손병호
1188,아이돌레시피,이호성,배우희
1189,갈매기,김미조,정애화
1190,갈매기,김미조,장유
1191,갈매기,김미조,고서희
1192,보조바퀴,이주예,박서영
1193,메모리: 조작살인,김현우,김윤서
1194,메모리: 조작살인,김현우,정은우
1195,메모리: 조작살인,김현우,정찬우
1196,색다른 그녀,김진영,혁
1197,색다른 그녀,김진영,장성윤
1198,색다른 그녀,김진영,찬미
1199,피치 오브 타임 극장판,장의순,최재현
1200,피치 오브 타임 극장판,장의순,지미 칸 크리사나판
1201,피치 오브 타임 극장판,장의순,토미 싯티촉 푸에크풀폴
1202,디스 아메리카노,권유주,변세희
1203,디스 아메리카노,권유주,한재하
1204,디스 아메리카노,권유주,박아름
1205,영화의 거리,김민근,한선화
1206,영화의 거리,김민근,이완
1207,영화의 거리,김민근,박세기
1208,그대 너머에,박홍민,김권후
1209,그대 너머에,박홍민,윤혜리
1210,그대 너머에,박홍민,오민애
1211,인트로덕션,홍상수,신석호
1212,인트로덕션,홍상수,박미소
1213,인트로덕션,홍상수,김영호
1214,슈퍼문,홍대영,송유미
1215,슈퍼문,홍대영,김정훈
1216,슈퍼문,홍대영,이승준
1217,발신제한,김창주,조우진
1218,발신제한,김창주,이재인
1219,발신제한,김창주,진경
1220,비와 당신의 이야기,조진모,강하늘
1221,비와 당신의 이야기,조진모,천우희
1222,비와 당신의 이야기,조진모,강소라
1223,방법: 재차의,김용완,엄지원
1224,방법: 재차의,김용완,정지소
1225,방법: 재차의,김용완,정문성
1226,내일의 기억,서유민,서예지
1227,내일의 기억,서유민,김강우
1228,내일의 기억,서유민,염혜란
1229,미드나이트,권오승,진기주
1230,미드나이트,권오승,위하준
1231,미드나이트,권오승,박훈
1232,여고괴담 여섯번째 이야기 : 모교,이미영,김서형
1233,여고괴담 여섯번째 이야기 : 모교,이미영,김현수
1234,여고괴담 여섯번째 이야기 : 모교,이미영,최리
1235,귀문,심덕근,김강우
1236,귀문,심덕근,김소혜
1237,귀문,심덕근,이정형
1238,괴기맨숀,조바른,성준
1239,괴기맨숀,조바른,김홍파
1240,괴기맨숀,조바른,김보라
1241,아들의 이름으로,이정국,안성기
1242,아들의 이름으로,이정국,박근형
1243,아들의 이름으로,이정국,윤유선
1244,F20,홍은미,장영남
1245,F20,홍은미,김정영
1246,F20,홍은미,김강민
1247,아이들은 즐겁다,이지원,이경훈
1248,아이들은 즐겁다,이지원,박예찬
1249,아이들은 즐겁다,이지원,홍정민
1250,서복,이용주,공유
1251,서복,이용주,박보검
1252,서복,이용주,조우진
1253,빛나는 순간,소준문,고두심
1254,빛나는 순간,소준문,지현우
1255,빛나는 순간,소준문,양정원
1256,이번엔 잘 되겠지,이승수,윤다훈
1257,이번엔 잘 되겠지,이승수,이선진
1258,이번엔 잘 되겠지,이승수,김명국
1259,혼자 사는 사람들,홍성은,공승연
1260,혼자 사는 사람들,홍성은,정다은
1261,혼자 사는 사람들,홍성은,서현우
1262,낫아웃,이정곤,정재광
1263,낫아웃,이정곤,이규성
1264,낫아웃,이정곤,송이재
1265,좋은 사람,정욱,김태훈
1266,좋은 사람,정욱,이효제
1267,좋은 사람,정욱,김현정
1268,자산어보,이준익,설경구
1269,자산어보,이준익,변요한
1270,자산어보,이준익,이정은
1271,부활: 그 증거,김상철,권오중
1272,부활: 그 증거,김상철,이성혜
1273,부활: 그 증거,김상철,이용규
1274,클라이밍,김혜미,김민지
1275,클라이밍,김혜미,박송이
1276,클라이밍,김혜미,구지원
1277,액션히어로,이진호,이석형
1278,액션히어로,이진호,이주영
1279,액션히어로,이진호,김재화
1280,메이드 인 루프탑,김조광수,이홍내
1281,메이드 인 루프탑,김조광수,정휘
1282,메이드 인 루프탑,김조광수,곽민규
1283,어른들은 몰라요,이환,이유미
1284,어른들은 몰라요,이환,안희연
1285,어른들은 몰라요,이환,신햇빛
1286,범털 2: 쩐의 전쟁,강태호,신유람
1287,범털 2: 쩐의 전쟁,강태호,성낙경
1288,범털 2: 쩐의 전쟁,강태호,강인성
1289,박강아름 결혼하다,박강아름,정성만
1290,박강아름 결혼하다,박강아름,정보리강
1291,귀신,정하용,정이랑
1292,귀신,정하용,함건수
1293,귀신,정하용,최이태
1294,브라더,신근호,정진운
1295,브라더,신근호,조재윤
1296,썰,황승재,김강현
1297,썰,황승재,강찬희
1298,썰,황승재,김소라
1299,우리는 매일매일,강유가람,키라
1300,우리는 매일매일,강유가람,짜투리
1301,우리는 매일매일,강유가람,어라
1302,피어썸,이상헌,조동혁
1303,피어썸,이상헌,차선우
1304,피어썸,이상헌,장석현
1305,나만 보이니,임용재,정진운
1306,나만 보이니,임용재,솔빈
1307,나만 보이니,임용재,곽희성
1308,생각의 여름,김종재,김예은
1309,생각의 여름,김종재,곽민규
1310,생각의 여름,김종재,한해인
1311,쇼미더고스트,김은경,한승연
1312,쇼미더고스트,김은경,김현목
1313,쇼미더고스트,김은경,홍승범
1314,습도 다소 높음,고봉수,백승환
1315,습도 다소 높음,고봉수,이희준
1316,습도 다소 높음,고봉수,고주환
1317,아이윌 송,이상훈,은정
1318,아이윌 송,이상훈,구원
1319,파이터,윤재호,임성미
1320,파이터,윤재호,백서빈
1321,파이터,윤재호,오광록
1322,더 박스,양정웅,찬열
1323,더 박스,양정웅,조달환
1324,전야,김상민,서한결
1325,전야,김상민,홍아름
1326,전야,김상민,박윤
1327,언더그라운드,김정근,강성운
1328,언더그라운드,김정근,정철
1329,언더그라운드,김정근,엄우철
1330,죽어도 좋은 경험: 천사여 악녀가 되라,김기영,윤여정
1331,죽어도 좋은 경험: 천사여 악녀가 되라,김기영,이탐미
1332,죽어도 좋은 경험: 천사여 악녀가 되라,김기영,현길수
1333,베르나르다 알바,연태흠,정영주
1334,베르나르다 알바,연태흠,황석정
1335,베르나르다 알바,연태흠,한지연
1336,까치발,권우정,정지후
1337,까치발,권우정,정인섭
1338,미션 파서블,김형주,김영광
1339,미션 파서블,김형주,이선빈
1340,열아홉,우경희,손영주
1341,열아홉,우경희,정태성
1342,좀비크러쉬: 헤이리,장현상,공민정
1343,좀비크러쉬: 헤이리,장현상,이민지
1344,좀비크러쉬: 헤이리,장현상,박소진
1345,"식물카페, 온정",최창환,강길우
1346,"식물카페, 온정",최창환,김우겸
1347,"식물카페, 온정",최창환,박수연
1348,비밀의 정원,박선주,한우연
1349,비밀의 정원,박선주,전석호
1350,비밀의 정원,박선주,유재명
1351,스쿨 오브 락(樂),강호준,방승호
1352,캐논볼,정승민,김현목
1353,캐논볼,정승민,김해나
1354,캐논볼,정승민,강봉성
1355,전주에서 길을 묻다,진승현,강양은
1356,전주에서 길을 묻다,진승현,조성희
1357,전주에서 길을 묻다,진승현,최수경
1358,소리에 놀라지 않는 사자처럼,윤성준,이금희
1359,소리에 놀라지 않는 사자처럼,윤성준,
1360,소리에 놀라지 않는 사자처럼,윤성준,
1361,저승보다 낯선,여균동,주민진
1362,네가 내가 되었으면 좋겠다,김충길,황현주
1363,네가 내가 되었으면 좋겠다,김충길,이사라
1364,아무도 없는 곳,김종관,연우진
1365,아무도 없는 곳,김종관,김상호
1366,아무도 없는 곳,김종관,이지은
1367,정말 먼 곳,박근영,강길우
1368,정말 먼 곳,박근영,홍경
1369,정말 먼 곳,박근영,이상희
1370,"무순, 세상을 가로질러",남승석,권무순
1371,"무순, 세상을 가로질러",남승석,박태원
1372,숲의 비명 : 사라진 사람들,전혜림,박지원
1373,숲의 비명 : 사라진 사람들,전혜림,정희민
1374,숲의 비명 : 사라진 사람들,전혜림,문주하
1375,턴: 더 스트릿,임석진,승훈
1376,턴: 더 스트릿,임석진,홍은기
1377,턴: 더 스트릿,임석진,최연청
1378,수필러브,홍두표,김희철
1379,수필러브,홍두표,이봄
1380,스프링 송,유준상,김소진
1381,스프링 송,유준상,아키노리 나카가와
1382,더스트맨,김나경,우지현
1383,더스트맨,김나경,심달기
1384,더스트맨,김나경,강길우
1385,인천스텔라,백승기,손이용
1386,인천스텔라,백승기,강소연
1387,인천스텔라,백승기,정광우
1388,그리고 방행자,손원경,방행자
1389,그리고 방행자,손원경,김종혁
1390,찬실이는 복도 많지,김초희,강말금
1391,찬실이는 복도 많지,김초희,윤여정
1392,찬실이는 복도 많지,김초희,김영민
1393,세자매,이승원,문소리
1394,세자매,이승원,김선영
1395,세자매,이승원,장윤주
1396,최면,최재훈,이다윗
1397,최면,최재훈,조현
1398,최면,최재훈,김도훈
1399,시 읽는 시간,이수정,오하나
1400,시 읽는 시간,이수정,김수덕
1401,시 읽는 시간,이수정,안태형
1402,도굴,박정배,이제훈
1403,도굴,박정배,조우진
1404,도굴,박정배,신혜선
1405,삼진그룹 영어토익반,이종필,고아성
1406,삼진그룹 영어토익반,이종필,이솜
1407,삼진그룹 영어토익반,이종필,박혜수
1408,이웃사촌,이환경,정우
1409,이웃사촌,이환경,오달수
1410,이웃사촌,이환경,김희원
1411,내가 죽던 날,박지완,김혜수
1412,내가 죽던 날,박지완,이정은
1413,내가 죽던 날,박지완,노정의
1414,조제,김종관,한지민
1415,조제,김종관,남주혁
1416,새해전야,홍지영,김강우
1417,새해전야,홍지영,유인나
1418,새해전야,홍지영,유연석
1419,담보,강대규,성동일
1420,담보,강대규,하지원
1421,담보,강대규,김희원
1422,아이,김현탁,김향기
1423,아이,김현탁,류현경
1424,아이,김현탁,염혜란
1425,고백,서은영,박하선
1426,고백,서은영,하윤경
1427,고백,서은영,감소현
1428,애비규환,최하나,정수정
1429,애비규환,최하나,장혜진
1430,애비규환,최하나,최덕문
1431,소리도 없이,홍의정,유아인
1432,소리도 없이,홍의정,유재명
1433,소리도 없이,홍의정,문승아
1434,추억의 검정고무신,송정율,송요한
1435,추억의 검정고무신,송정율,박지윤
1436,추억의 검정고무신,송정율,오인실
1437,추억의 검정고무신,송정율,유해무
1438,나는 나를 해고하지 않는다,이태겸,유다인
1439,나는 나를 해고하지 않는다,이태겸,오정세
1440,나는 나를 해고하지 않는다,이태겸,김상규
1441,몬테크리스토: 더 뮤지컬 라이브,오윤동,카이
1442,몬테크리스토: 더 뮤지컬 라이브,오윤동,린아
1443,몬테크리스토: 더 뮤지컬 라이브,오윤동,김준현
1444,더블패티,백승환,신승호
1445,더블패티,백승환,아이린
1446,더블패티,백승환,유병훈
1447,토이 솔져스: 가짜사나이2 더 컴플리트,오윤동,오스카
1448,토이 솔져스: 가짜사나이2 더 컴플리트,오윤동,김병지
1449,토이 솔져스: 가짜사나이2 더 컴플리트,오윤동,줄리안 강
1450,잔칫날,김록경,하준
1451,잔칫날,김록경,소주연
1452,잔칫날,김록경,오치운
1453,빛과 철,배종대,염혜란
1454,빛과 철,배종대,김시은
1455,빛과 철,배종대,박지후
1456,잃어버린 얼굴 1895,이지나,차지연
1457,잃어버린 얼굴 1895,이지나,최정수
1458,잃어버린 얼굴 1895,이지나,김용한
1459,스트레스 제로,이대희,임채헌
1460,스트레스 제로,이대희,유동균
1461,스트레스 제로,이대희,김승태
1462,럭키 몬스터,봉준영,김도윤
1463,럭키 몬스터,봉준영,장진희
1464,럭키 몬스터,봉준영,박성준
1465,미스터 보스,김형기,공찬
1466,미스터 보스,김형기,홍은기
1467,미스터 보스,김형기,최동구
1468,증발,김성민,최준원
1469,증발,김성민,최용진
1470,증발,김성민,최준선
1471,검객,최재훈,장혁
1472,검객,최재훈,김현수
1473,검객,최재훈,조 타슬림
1474,구원,이창무,김대건
1475,구원,이창무,이상인
1476,구원,이창무,고관재
1477,큰엄마의 미친봉고,백승환,정영주
1478,큰엄마의 미친봉고,백승환,김가은
1479,큰엄마의 미친봉고,백승환,황석정
1480,"구라, 베토벤",봉수,송동환
1481,"구라, 베토벤",봉수,김누리
1482,스웨그,임성관,니엘
1483,스웨그,임성관,최규진
1484,스웨그,임성관,이보림
1485,아수라도,윤여창,장광
1486,아수라도,윤여창,이원종
1487,아수라도,윤여창,이설구
1488,관계의 가나다에 있는 우리는,이인의,은해성
1489,관계의 가나다에 있는 우리는,이인의,오하늬
1490,관계의 가나다에 있는 우리는,이인의,이서윤
1491,이 안에 외계인이 있다,최은종,조병규
1492,이 안에 외계인이 있다,최은종,배누리
1493,이 안에 외계인이 있다,최은종,이현웅
1494,밥정,박혜령,임지호
1495,밥정,박혜령,김순규
1496,간이역,김정민,김동준
1497,간이역,김정민,김재경
1498,간이역,김정민,윤유선
1499,용루각: 비정도시,최상훈,지일주
1500,용루각: 비정도시,최상훈,정화
1501,용루각: 비정도시,최상훈,장의수
1502,트웬티 해커,한현석,권현빈
1503,트웬티 해커,한현석,임나영
1504,트웬티 해커,한현석,이수웅
1505,국제수사,김봉한,곽도원
1506,국제수사,김봉한,김대명
1507,국제수사,김봉한,김희원
1508,젊은이의 양지,신수원,김호정
1509,젊은이의 양지,신수원,윤찬영
1510,젊은이의 양지,신수원,정하담
1511,기기괴괴 성형수,조경훈,문남숙
1512,기기괴괴 성형수,조경훈,장민혁
1513,기기괴괴 성형수,조경훈,조현정
1514,담쟁이,한제이,우미화
1515,담쟁이,한제이,이연
1516,담쟁이,한제이,김보민
1517,겨울밤에,장우진,서영화
1518,겨울밤에,장우진,양흥주
1519,돌멩이,김정식,김대명
1520,돌멩이,김정식,송윤아
1521,돌멩이,김정식,김의성
1522,남매의 여름밤,윤단비,양흥주
1523,남매의 여름밤,윤단비,박현영
1524,남매의 여름밤,윤단비,최정운
1525,크루아상,조성규,남보라
1526,크루아상,조성규,혁
1527,마지막 휴가,노거경,이영범
1528,마지막 휴가,노거경,장순미
1529,마지막 휴가,노거경,조동혁
1530,앙상블,정형석,김승수
1531,앙상블,정형석,이천희
1532,앙상블,정형석,김정화
1533,웰컴 투 X-월드,한태의,최미경
1534,웰컴 투 X-월드,한태의,한흥만
1535,멀리가지마라,박현용,손병호
1536,멀리가지마라,박현용,손진환
1537,멀리가지마라,박현용,박명신
1538,요요현상,고두현,곽동건
1539,요요현상,고두현,문현웅
1540,요요현상,고두현,윤종기
1541,구직자들,황승재,정경호
1542,구직자들,황승재,강유석
1543,구직자들,황승재,오륭
1544,천사는 바이러스,김성준,이영아
1545,천사는 바이러스,김성준,박성일
1546,천사는 바이러스,김성준,전무송
1547,디어 마이 지니어스,구윤주,구윤영
1548,에듀케이션,김덕중,문혜인
1549,에듀케이션,김덕중,김준형
1550,에듀케이션,김덕중,송영숙
1551,밤빛,김무영,송재룡
1552,밤빛,김무영,지대한
1553,오! 문희,정세교,나문희
1554,오! 문희,정세교,이희준
1555,오! 문희,정세교,최원영
1556,69세,임선애,예수정
1557,69세,임선애,기주봉
1558,69세,임선애,김준경
1559,디바,조슬예,신민아
1560,디바,조슬예,이유영
1561,디바,조슬예,이규형
1562,종이꽃,고훈,안성기
1563,종이꽃,고훈,유진
1564,종이꽃,고훈,김혜성
1565,황무지 5월의 고해,김태영,조선묵
1566,황무지 5월의 고해,김태영,서갑숙
1567,귀여운 남자,김정욱,신민재
1568,귀여운 남자,김정욱,이진리
1569,귀여운 남자,김정욱,황정윤
1570,다만 악에서 구하소서,홍원찬,황정민
1571,다만 악에서 구하소서,홍원찬,이정재
1572,다만 악에서 구하소서,홍원찬,박정민
1573,게임의 법칙: 인간사냥,이수성,김성수
1574,게임의 법칙: 인간사냥,이수성,조경훈
1575,게임의 법칙: 인간사냥,이수성,서영
1576,사라센의 칼,임재영,신지수
1577,사라센의 칼,임재영,박명신
1578,사라센의 칼,임재영,검비르
1579,불어라 검풍아,조바른,안지혜
1580,불어라 검풍아,조바른,이민지
1581,불어라 검풍아,조바른,박태산
1582,UFO 스케치,김진욱,김선규
1583,UFO 스케치,김진욱,맹성렬
1584,UFO 스케치,김진욱,배일환
1585,카일라스 가는 길,정형민,이춘숙
1586,도망친 여자,홍상수,김민희
1587,도망친 여자,홍상수,서영화
1588,도망친 여자,홍상수,송선미
1589,머리카락,이미해,차희재
1590,머리카락,이미해,숲이아
1591,머리카락,이미해,이영아
1592,라이브 하드,황욱,크리스 라이언
1593,라이브 하드,황욱,이재호
1594,라이브 하드,황욱,이성식
1595,개 같은 것들,최종학,지대한
1596,개 같은 것들,최종학,설지윤
1597,개 같은 것들,최종학,김승현
1598,노가리,박민국,서진원
1599,노가리,박민국,김은재
1600,다시 만난 날들,심찬양,홍이삭
1601,다시 만난 날들,심찬양,장하은
1602,다시 만난 날들,심찬양,서영재
1603,세트플레이,문승욱,이재균
1604,세트플레이,문승욱,장유상
1605,세트플레이,문승욱,박현숙
1606,이장,정승오,장리우
1607,이장,정승오,이선희
1608,이장,정승오,공민정
1609,인싸,이수성,동현
1610,인싸,이수성,송민경
1611,인싸,이수성,오광록
1612,벌새,김보라,박지후
1613,벌새,김보라,김새벽
1614,벌새,김보라,정인기
1615,나를 구하지 마세요,정연경,조서연
1616,나를 구하지 마세요,정연경,최로운
1617,나를 구하지 마세요,정연경,양소민
1618,여름날,오정석,김유라
1619,여름날,오정석,김록경
1620,후쿠오카,장률,권해효
1621,후쿠오카,장률,윤제문
1622,후쿠오카,장률,박소담
1623,바람의 언덕,박석영,정은경
1624,바람의 언덕,박석영,장선
1625,바람의 언덕,박석영,김태희
1626,야구소녀,최윤태,이주영
1627,야구소녀,최윤태,이준혁
1628,야구소녀,최윤태,염혜란
1629,나의이름,허동우,전소민
1630,나의이름,허동우,최정원
1631,나의이름,허동우,김정균
1632,반도,연상호,강동원
1633,반도,연상호,이정현
1634,반도,연상호,이레
1635,강철비2: 정상회담,양우석,정우성
1636,강철비2: 정상회담,양우석,곽도원
1637,강철비2: 정상회담,양우석,유연석
1638,오케이 마담,이철하,엄정화
1639,오케이 마담,이철하,박성웅
1640,오케이 마담,이철하,이상윤
1641,결백,박상현,신혜선
1642,결백,박상현,배종옥
1643,결백,박상현,허준호
1644,침입자,손원평,송지효
1645,침입자,손원평,김무열
1646,침입자,손원평,예수정
1647,사라진 시간,정진영,조진웅
1648,사라진 시간,정진영,배수빈
1649,사라진 시간,정진영,정해균
1650,브레이크 더 사일런스: 더 무비,박준수,RM
1651,브레이크 더 사일런스: 더 무비,박준수,진
1652,브레이크 더 사일런스: 더 무비,박준수,슈가
1653,죽지않는 인간들의 밤,신정원,이정현
1654,죽지않는 인간들의 밤,신정원,김성오
1655,죽지않는 인간들의 밤,신정원,서영희
1656,저 산 너머,최종태,이항나
1657,저 산 너머,최종태,이경훈
1658,저 산 너머,최종태,안내상
1659,소리꾼,조정래,이봉근
1660,소리꾼,조정래,이유리
1661,소리꾼,조정래,김하연
1662,호텔 레이크,윤은경,이세영
1663,호텔 레이크,윤은경,박지영
1664,호텔 레이크,윤은경,박효주
1665,아홉 스님,윤성준,자승
1666,아홉 스님,윤성준,무연
1667,아홉 스님,윤성준,진각
1668,초미의 관심사,남연우,조민수
1669,초미의 관심사,남연우,치타
1670,초미의 관심사,남연우,테리스 브라운
1671,부활,구수환,이태석
1672,기생충,봉준호,송강호
1673,기생충,봉준호,이선균
1674,기생충,봉준호,조여정
1675,나는보리,김진유,김아송
1676,나는보리,김진유,이린하
1677,나는보리,김진유,황유림
1678,불량한 가족,장재일,박원상
1679,불량한 가족,장재일,박초롱
1680,불량한 가족,장재일,도지한
1681,슈팅걸스,배효민,정웅인
1682,슈팅걸스,배효민,이비안
1683,슈팅걸스,배효민,정예진
1684,부산행:익스텐디드,연상호,공유
1685,부산행:익스텐디드,연상호,정유미
1686,부산행:익스텐디드,연상호,마동석
1687,매지컬: 공주를 웃겨라,정윤철,박지윤
1688,매지컬: 공주를 웃겨라,정윤철,남도형
1689,매지컬: 공주를 웃겨라,정윤철,장광
1690,카오산 탱고,김범삼,홍완표
1691,카오산 탱고,김범삼,현리
1692,카오산 탱고,김범삼,오창경
1693,어서오시게스트하우스,심요한,이학주
1694,어서오시게스트하우스,심요한,박선영
1695,어서오시게스트하우스,심요한,신민재
1696,런 보이 런,오원재,장동윤
1697,런 보이 런,오원재,서벽준
1698,런 보이 런,오원재,결휘
1699,"안녕, 미누",지혜원,미누
1700,"안녕, 미누",지혜원,소모뚜
1701,"안녕, 미누",지혜원,소띠아
1702,광주비디오: 사라진 4시간,이조훈,민승연
1703,광주비디오: 사라진 4시간,이조훈,박상증
1704,광주비디오: 사라진 4시간,이조훈,기춘
1705,열혈형사,윤여창,김인권
1706,열혈형사,윤여창,얀츠카
1707,열혈형사,윤여창,김승현
1708,유령선,김지영,박호산
1709,고양이 집사,이희섭,임수정
1710,지푸라기라도 잡고 싶은 짐승들,김용훈,전도연
1711,지푸라기라도 잡고 싶은 짐승들,김용훈,정우성
1712,지푸라기라도 잡고 싶은 짐승들,김용훈,배성우
1713,제인의 썸머,송은주,서나영
1714,제인의 썸머,송은주,이해준
1715,제인의 썸머,송은주,김하림
1716,태백권,최상훈,오지호
1717,태백권,최상훈,신소율
1718,태백권,최상훈,정의욱
1719,리메인,김민경,이지연
1720,리메인,김민경,김영재
1721,리메인,김민경,하준
1722,범털,강태호,이설구
1723,범털,강태호,유상재
1724,범털,강태호,이현웅
1725,프리즈너,양길영,오지호
1726,프리즈너,양길영,조운
1727,프리즈너,양길영,이재용
1728,얼굴없는 보스: 못다한 이야기 감독판,임성용,천정명
1729,얼굴없는 보스: 못다한 이야기 감독판,임성용,진이한
1730,얼굴없는 보스: 못다한 이야기 감독판,임성용,이하율
1731,팡파레,이돈구,임화영
1732,팡파레,이돈구,박종환
1733,팡파레,이돈구,남연우
1734,욕창,심혜정,김종구
1735,욕창,심혜정,강애심
1736,욕창,심혜정,전국향
1737,바다로 가자,김량,김주영
1738,바다로 가자,김량,이광자
1739,바다로 가자,김량,조영진
1740,구르는 수레바퀴,문정윤,김명곤
1741,구르는 수레바퀴,문정윤,이영석
1742,구르는 수레바퀴,문정윤,김준배
1743,어게인,조창열,김예은
1744,어게인,조창열,예수정
1745,어게인,조창열,소이
1746,파도를 걷는 소년,최창환,곽민규
1747,파도를 걷는 소년,최창환,김현목
1748,파도를 걷는 소년,최창환,민동호
1749,이별식당,임왕태,고윤
1750,이별식당,임왕태,에이프릴안
1751,클로젯,김광빈,하정우
1752,클로젯,김광빈,김남길
1753,클로젯,김광빈,허율
1754,메피스토,김동후,이상보
1755,메피스토,김동후,김초인
1756,메피스토,김동후,김병옥
1757,늙은 부부이야기: 스테이지 무비,신태연,김명곤
1758,늙은 부부이야기: 스테이지 무비,신태연,차유경
1759,테우리,이난,서현우
1760,테우리,이난,한사명
1761,테우리,이난,서진원
1762,서치 아웃,곽정,이시언
1763,서치 아웃,곽정,김성철
1764,서치 아웃,곽정,허가윤
1765,루비,박한진,박지연
1766,루비,박한진,손은지
1767,루비,박한진,김동석
1768,국도극장,전지희,이동휘
1769,국도극장,전지희,이한위
1770,국도극장,전지희,신신애
1771,스윈들러,이동환,유형준
1772,스윈들러,이동환,피스 피델
1773,스윈들러,이동환,이규정
1774,"시, 나리오",김동원,오태경
1775,"시, 나리오",김동원,신소율
1776,"시, 나리오",김동원,허규
1777,7월7일,손승현,정이서
1778,7월7일,손승현,김희찬
1779,7월7일,손승현,윤건일
1780,이별의 목적,이건우,한해인
1781,기억의 전쟁,이길보라,응우옌 티 탄
1782,기억의 전쟁,이길보라,응우옌 럽
1783,기억의 전쟁,이길보라,딘 떰
1784,좋은 여자,전규환,안민영
1785,좋은 여자,전규환,조은주
1786,윤희에게,임대형,김희애
1787,윤희에게,임대형,김소혜
1788,윤희에게,임대형,성유빈
1789,산티아고의 흰 지팡이,이종은,박재한
1790,산티아고의 흰 지팡이,이종은,김다희
